Reactant_B,Reactant_C,SMILES of the product,%conversion Based on the LC area percent (LCAP) at UV 254 nm of product,%conversion Based on the MS peak area percent of product
Cc1c(C(N2CCCC2)=O)ccc(B2OC(C)(C)C(C)(C)O2)c1,FC(c1cnc(Oc2ccc(Br)cc2)cc1)(F)F,Cc1cc(-c2ccc(Oc3ccc(C(F)(F)F)cn3)cc2)ccc1C(=O)N1CCCC1,100,100
OB(c1c2Oc3c(Sc2ccc1)cccc3)O,FC(c1cnc(Oc2ccc(Br)cc2)cc1)(F)F,FC(F)(F)c1ccc(Oc2ccc(-c3cccc4c3Oc3ccccc3S4)cc2)nc1,100,100
Cc1[n](C(C)C)c2c(c(cc(c2)B2OC(C)(C)C(C)(C)O2)F)n1,FC(c1cnc(Oc2ccc(Br)cc2)cc1)(F)F,Cc1nc2c(F)cc(-c3ccc(Oc4ccc(C(F)(F)F)cn4)cc3)cc2n1C(C)C,100,100
OB(c1c2sc3c(c2ccc1)cccc3)O,FC(c1cnc(Oc2ccc(Br)cc2)cc1)(F)F,FC(F)(F)c1ccc(Oc2ccc(-c3cccc4c3sc3ccccc34)cc2)nc1,99.4,92.3
C=C(C(F)(F)F)B1OC(C)(C)CC(C)O1,FC(c1cnc(Oc2ccc(Br)cc2)cc1)(F)F,C=C(c1ccc(Oc2ccc(C(F)(F)F)cn2)cc1)C(F)(F)F,74.7,59
OB(c1c[n](-c2ccccc2)nc1)O,FC(c1cnc(Oc2ccc(Br)cc2)cc1)(F)F,FC(F)(F)c1ccc(Oc2ccc(-c3cnn(-c4ccccc4)c3)cc2)nc1,75.3,30.3
CC1(C(C)(C)OB(c2cc(C#N)c(OC3CCOCC3)cc2)O1)C,FC(c1cnc(Oc2ccc(Br)cc2)cc1)(F)F,N#Cc1cc(-c2ccc(Oc3ccc(C(F)(F)F)cn3)cc2)ccc1OC1CCOCC1,100,100
OCc1c(B(O)O)cc(F)cc1,FC(c1cnc(Oc2ccc(Br)cc2)cc1)(F)F,OCc1ccc(F)cc1-c1ccc(Oc2ccc(C(F)(F)F)cn2)cc1,100,100
CC(Oc1c(C(F)(F)F)cc(B(O)O)cc1)=O,FC(c1cnc(Oc2ccc(Br)cc2)cc1)(F)F,CC(=O)Oc1ccc(-c2ccc(Oc3ccc(C(F)(F)F)cn3)cc2)cc1C(F)(F)F,0,0
CC1(C(C)(C)OB(c2cc3c(cccc3)nc2)O1)C,FC(c1cnc(Oc2ccc(Br)cc2)cc1)(F)F,FC(F)(F)c1ccc(Oc2ccc(-c3cnc4ccccc4c3)cc2)nc1,96.5,98
CC1(C(C)(C)OB(C2Cc3c(cccc3)C=2)O1)C,FC(c1cnc(Oc2ccc(Br)cc2)cc1)(F)F,FC(F)(F)c1ccc(Oc2ccc(C3=Cc4ccccc4C3)cc2)nc1,0,0
CC1(C(C)(C)OB(c2c3OCCOc3cs2)O1)C,FC(c1cnc(Oc2ccc(Br)cc2)cc1)(F)F,FC(F)(F)c1ccc(Oc2ccc(-c3scc4c3OCCO4)cc2)nc1,0,0
CC(OC(N1C(B(O)O)CCC1)=O)(C)C,FC(c1cnc(Oc2ccc(Br)cc2)cc1)(F)F,CC(C)(C)OC(=O)N1CCCC1c1ccc(Oc2ccc(C(F)(F)F)cn2)cc1,0,0
CC1(C)OB(C2=CC=CC(=O)N2)OC1(C)C,FC(c1cnc(Oc2ccc(Br)cc2)cc1)(F)F,O=c1cccc(-c2ccc(Oc3ccc(C(F)(F)F)cn3)cc2)[nH]1,0,0
Cc1ccc2C=NNc2c1B1OC(C)(C)C(C)(C)O1,FC(c1cnc(Oc2ccc(Br)cc2)cc1)(F)F,Cc1ccc2cn[nH]c2c1-c1ccc(Oc2ccc(C(F)(F)F)cn2)cc1,0,0
COc1c(B(O)O)c(C2CC2)ncn1,FC(c1cnc(Oc2ccc(Br)cc2)cc1)(F)F,COc1ncnc(C2CC2)c1-c1ccc(Oc2ccc(C(F)(F)F)cn2)cc1,16.9,56.3
COc1ncc(B2OC(C)(C)C(C)(C)O2)cc1,FC(c1cnc(Oc2ccc(Br)cc2)cc1)(F)F,COc1ccc(-c2ccc(Oc3ccc(C(F)(F)F)cn3)cc2)cn1,97.4,97.8
O=Cc1cc(B(O)O)ccc1,FC(c1cnc(Oc2ccc(Br)cc2)cc1)(F)F,O=Cc1cccc(-c2ccc(Oc3ccc(C(F)(F)F)cn3)cc2)c1,100,100
O=Cc1ccc(B2OCCCO2)cc1,FC(c1cnc(Oc2ccc(Br)cc2)cc1)(F)F,O=Cc1ccc(-c2ccc(Oc3ccc(C(F)(F)F)cn3)cc2)cc1,93.7,100
Cc1c(C(N2CCCC2)=O)ccc(B2OC(C)(C)C(C)(C)O2)c1,Cc1c(Br)[n]2c(ncc2)cc1,Cc1cc(-c2c(C)ccc3nccn23)ccc1C(=O)N1CCCC1,100,100
OB(c1ccc(-c2oc3c(cccc3)n2)cc1)O,Cc1c(Br)[n]2c(ncc2)cc1,Cc1ccc2nccn2c1-c1ccc(-c2nc3ccccc3o2)cc1,94.3,77.4
OB(c1c2Oc3c(Sc2ccc1)cccc3)O,Cc1c(Br)[n]2c(ncc2)cc1,Cc1ccc2nccn2c1-c1cccc2c1Oc1ccccc1S2,18.3,24.1
Cc1[n](C(C)C)c2c(c(cc(c2)B2OC(C)(C)C(C)(C)O2)F)n1,Cc1c(Br)[n]2c(ncc2)cc1,Cc1ccc2nccn2c1-c1cc(F)c2nc(C)n(C(C)C)c2c1,100,100
OB(c1c2sc3c(c2ccc1)cccc3)O,Cc1c(Br)[n]2c(ncc2)cc1,Cc1ccc2nccn2c1-c1cccc2c1sc1ccccc12,84.5,60
C=C(C(F)(F)F)B1OC(C)(C)CC(C)O1,Cc1c(Br)[n]2c(ncc2)cc1,C=C(c1c(C)ccc2nccn12)C(F)(F)F,25.7,51.3
OB(c1c[n](-c2ccccc2)nc1)O,Cc1c(Br)[n]2c(ncc2)cc1,Cc1ccc2nccn2c1-c1cnn(-c2ccccc2)c1,59.2,33.3
CC1(C(C)(C)OB(c2cc(C#N)c(OC3CCOCC3)cc2)O1)C,Cc1c(Br)[n]2c(ncc2)cc1,Cc1ccc2nccn2c1-c1ccc(OC2CCOCC2)c(C#N)c1,81.2,48.7
OCc1c(B(O)O)cc(F)cc1,Cc1c(Br)[n]2c(ncc2)cc1,Cc1ccc2nccn2c1-c1cc(F)ccc1CO,0,4.7
CC(Oc1c(C(F)(F)F)cc(B(O)O)cc1)=O,Cc1c(Br)[n]2c(ncc2)cc1,CC(=O)Oc1ccc(-c2c(C)ccc3nccn23)cc1C(F)(F)F,0,0
CC1(C(C)(C)OB(c2cc3c(cccc3)nc2)O1)C,Cc1c(Br)[n]2c(ncc2)cc1,Cc1ccc2nccn2c1-c1cnc2ccccc2c1,93.8,42.9
CC1(C(C)(C)OB(C2Cc3c(cccc3)C=2)O1)C,Cc1c(Br)[n]2c(ncc2)cc1,Cc1ccc2nccn2c1C1=Cc2ccccc2C1,95.6,65
CC1(C(C)(C)OB(c2c3OCCOc3cs2)O1)C,Cc1c(Br)[n]2c(ncc2)cc1,Cc1ccc2nccn2c1-c1scc2c1OCCO2,49.2,20.3
CC(OC(N1C(B(O)O)CCC1)=O)(C)C,Cc1c(Br)[n]2c(ncc2)cc1,Cc1ccc2nccn2c1C1CCCN1C(=O)OC(C)(C)C,0,0
Cc1ccc2C=NNc2c1B1OC(C)(C)C(C)(C)O1,Cc1c(Br)[n]2c(ncc2)cc1,Cc1ccc2cn[nH]c2c1-c1c(C)ccc2nccn12,0,0
COc1c(B(O)O)c(C2CC2)ncn1,Cc1c(Br)[n]2c(ncc2)cc1,COc1ncnc(C2CC2)c1-c1c(C)ccc2nccn12,0,0
COc1ncc(B2OC(C)(C)C(C)(C)O2)cc1,Cc1c(Br)[n]2c(ncc2)cc1,COc1ccc(-c2c(C)ccc3nccn23)cn1,88.3,64.6
O=Cc1cc(B(O)O)ccc1,Cc1c(Br)[n]2c(ncc2)cc1,Cc1ccc2nccn2c1-c1cccc(C=O)c1,93.2,59.6
O=Cc1ccc(B2OCCCO2)cc1,Cc1c(Br)[n]2c(ncc2)cc1,Cc1ccc2nccn2c1-c1ccc(C=O)cc1,96.4,60.1
Cc1c(C(N2CCCC2)=O)ccc(B2OC(C)(C)C(C)(C)O2)c1,Nc1c(Br)cccn1,Cc1cc(-c2cccnc2N)ccc1C(=O)N1CCCC1,97,74.9
OB(c1ccc(-c2oc3c(cccc3)n2)cc1)O,Nc1c(Br)cccn1,Nc1ncccc1-c1ccc(-c2nc3ccccc3o2)cc1,96.8,72
OB(c1c2Oc3c(Sc2ccc1)cccc3)O,Nc1c(Br)cccn1,Nc1ncccc1-c1cccc2c1Oc1ccccc1S2,93.2,56.6
Cc1[n](C(C)C)c2c(c(cc(c2)B2OC(C)(C)C(C)(C)O2)F)n1,Nc1c(Br)cccn1,Cc1nc2c(F)cc(-c3cccnc3N)cc2n1C(C)C,100,100
OB(c1c2sc3c(c2ccc1)cccc3)O,Nc1c(Br)cccn1,Nc1ncccc1-c1cccc2c1sc1ccccc12,98.8,75.5
C=C(C(F)(F)F)B1OC(C)(C)CC(C)O1,Nc1c(Br)cccn1,C=C(c1cccnc1N)C(F)(F)F,16,22.2
OB(c1c[n](-c2ccccc2)nc1)O,Nc1c(Br)cccn1,Nc1ncccc1-c1cnn(-c2ccccc2)c1,92.2,45.6
CC1(C(C)(C)OB(c2cc(C#N)c(OC3CCOCC3)cc2)O1)C,Nc1c(Br)cccn1,N#Cc1cc(-c2cccnc2N)ccc1OC1CCOCC1,97,62.1
OCc1c(B(O)O)cc(F)cc1,Nc1c(Br)cccn1,Nc1ncccc1-c1cc(F)ccc1CO,0,0
CC(Oc1c(C(F)(F)F)cc(B(O)O)cc1)=O,Nc1c(Br)cccn1,CC(=O)Oc1ccc(-c2cccnc2N)cc1C(F)(F)F,91.2,37.2
CC1(C(C)(C)OB(c2cc3c(cccc3)nc2)O1)C,Nc1c(Br)cccn1,Nc1ncccc1-c1cnc2ccccc2c1,38,54.2
CC1(C(C)(C)OB(C2Cc3c(cccc3)C=2)O1)C,Nc1c(Br)cccn1,Nc1ncccc1C1=Cc2ccccc2C1,96.1,67.1
CC1(C(C)(C)OB(c2c3OCCOc3cs2)O1)C,Nc1c(Br)cccn1,Nc1ncccc1-c1scc2c1OCCO2,73,25.7
CC(OC(N1C(B(O)O)CCC1)=O)(C)C,Nc1c(Br)cccn1,CC(C)(C)OC(=O)N1CCCC1c1cccnc1N,0,0
CC1(C)OB(C2=CC=CC(=O)N2)OC1(C)C,Nc1c(Br)cccn1,Nc1ncccc1-c1cccc(=O)[nH]1,0,0
Cc1ccc2C=NNc2c1B1OC(C)(C)C(C)(C)O1,Nc1c(Br)cccn1,Cc1ccc2cn[nH]c2c1-c1cccnc1N,0,0
COc1c(B(O)O)c(C2CC2)ncn1,Nc1c(Br)cccn1,COc1ncnc(C2CC2)c1-c1cccnc1N,0,0
COc1ncc(B2OC(C)(C)C(C)(C)O2)cc1,Nc1c(Br)cccn1,COc1ccc(-c2cccnc2N)cn1,44.6,50.4
O=Cc1cc(B(O)O)ccc1,Nc1c(Br)cccn1,Nc1ncccc1-c1cccc(C=O)c1,48.7,47.4
O=Cc1ccc(B2OCCCO2)cc1,Nc1c(Br)cccn1,Nc1ncccc1-c1ccc(C=O)cc1,52,41.5
Cc1c(C(N2CCCC2)=O)ccc(B2OC(C)(C)C(C)(C)O2)c1,C12C(I)=NNC=1CCC2,Cc1cc(-c2n[nH]c3c2CCC3)ccc1C(=O)N1CCCC1,100,100
OB(c1ccc(-c2oc3c(cccc3)n2)cc1)O,C12C(I)=NNC=1CCC2,c1ccc2oc(-c3ccc(-c4n[nH]c5c4CCC5)cc3)nc2c1,59.1,14.4
OB(c1c2Oc3c(Sc2ccc1)cccc3)O,C12C(I)=NNC=1CCC2,c1ccc2c(c1)Oc1c(cccc1-c1n[nH]c3c1CCC3)S2,86.4,17.8
Cc1[n](C(C)C)c2c(c(cc(c2)B2OC(C)(C)C(C)(C)O2)F)n1,C12C(I)=NNC=1CCC2,Cc1nc2c(F)cc(-c3n[nH]c4c3CCC4)cc2n1C(C)C,85.1,49.4
OB(c1c2sc3c(c2ccc1)cccc3)O,C12C(I)=NNC=1CCC2,c1ccc2c(c1)sc1c(-c3n[nH]c4c3CCC4)cccc12,94.6,35.3
C=C(C(F)(F)F)B1OC(C)(C)CC(C)O1,C12C(I)=NNC=1CCC2,C=C(c1n[nH]c2c1CCC2)C(F)(F)F,13.4,13
OB(c1c[n](-c2ccccc2)nc1)O,C12C(I)=NNC=1CCC2,c1ccc(-n2cc(-c3n[nH]c4c3CCC4)cn2)cc1,86.8,36.5
CC1(C(C)(C)OB(c2cc(C#N)c(OC3CCOCC3)cc2)O1)C,C12C(I)=NNC=1CCC2,N#Cc1cc(-c2n[nH]c3c2CCC3)ccc1OC1CCOCC1,100,100
OCc1c(B(O)O)cc(F)cc1,C12C(I)=NNC=1CCC2,OCc1ccc(F)cc1-c1n[nH]c2c1CCC2,91.9,41.8
CC(Oc1c(C(F)(F)F)cc(B(O)O)cc1)=O,C12C(I)=NNC=1CCC2,CC(=O)Oc1ccc(-c2n[nH]c3c2CCC3)cc1C(F)(F)F,0,0
CC1(C(C)(C)OB(c2cc3c(cccc3)nc2)O1)C,C12C(I)=NNC=1CCC2,c1ccc2ncc(-c3n[nH]c4c3CCC4)cc2c1,100,41.3
CC1(C(C)(C)OB(C2Cc3c(cccc3)C=2)O1)C,C12C(I)=NNC=1CCC2,C1=C(c2n[nH]c3c2CCC3)Cc2ccccc21,100,81.5
CC1(C(C)(C)OB(c2c3OCCOc3cs2)O1)C,C12C(I)=NNC=1CCC2,c1sc(-c2n[nH]c3c2CCC3)c2c1OCCO2,30.1,10.1
CC(OC(N1C(B(O)O)CCC1)=O)(C)C,C12C(I)=NNC=1CCC2,CC(C)(C)OC(=O)N1CCCC1c1n[nH]c2c1CCC2,0,0
CC1(C)OB(C2=CC=CC(=O)N2)OC1(C)C,C12C(I)=NNC=1CCC2,O=c1cccc(-c2n[nH]c3c2CCC3)[nH]1,0,0
Cc1ccc2C=NNc2c1B1OC(C)(C)C(C)(C)O1,C12C(I)=NNC=1CCC2,Cc1ccc2cn[nH]c2c1-c1n[nH]c2c1CCC2,60.8,9.5
COc1c(B(O)O)c(C2CC2)ncn1,C12C(I)=NNC=1CCC2,COc1ncnc(C2CC2)c1-c1n[nH]c2c1CCC2,69.3,18
COc1ncc(B2OC(C)(C)C(C)(C)O2)cc1,C12C(I)=NNC=1CCC2,COc1ccc(-c2n[nH]c3c2CCC3)cn1,100,100
O=Cc1cc(B(O)O)ccc1,C12C(I)=NNC=1CCC2,O=Cc1cccc(-c2n[nH]c3c2CCC3)c1,96.5,90.7
O=Cc1ccc(B2OCCCO2)cc1,C12C(I)=NNC=1CCC2,O=Cc1ccc(-c2n[nH]c3c2CCC3)cc1,99.4,91.7
Cc1c(C(N2CCCC2)=O)ccc(B2OC(C)(C)C(C)(C)O2)c1,Cc1oc2c(cc(c(c2)[N+]([O-])=O)Cl)n1,Cc1nc2cc(-c3ccc(C(=O)N4CCCC4)c(C)c3)c([N+](=O)[O-])cc2o1,100,100
OB(c1ccc(-c2oc3c(cccc3)n2)cc1)O,Cc1oc2c(cc(c(c2)[N+]([O-])=O)Cl)n1,Cc1nc2cc(-c3ccc(-c4nc5ccccc5o4)cc3)c([N+](=O)[O-])cc2o1,0,0
OB(c1c2Oc3c(Sc2ccc1)cccc3)O,Cc1oc2c(cc(c(c2)[N+]([O-])=O)Cl)n1,Cc1nc2cc(-c3cccc4c3Oc3ccccc3S4)c([N+](=O)[O-])cc2o1,0,0
Cc1[n](C(C)C)c2c(c(cc(c2)B2OC(C)(C)C(C)(C)O2)F)n1,Cc1oc2c(cc(c(c2)[N+]([O-])=O)Cl)n1,Cc1nc2cc(-c3cc(F)c4nc(C)n(C(C)C)c4c3)c([N+](=O)[O-])cc2o1,100,100
OB(c1c2sc3c(c2ccc1)cccc3)O,Cc1oc2c(cc(c(c2)[N+]([O-])=O)Cl)n1,Cc1nc2cc(-c3cccc4c3sc3ccccc34)c([N+](=O)[O-])cc2o1,0,0
C=C(C(F)(F)F)B1OC(C)(C)CC(C)O1,Cc1oc2c(cc(c(c2)[N+]([O-])=O)Cl)n1,C=C(c1cc2nc(C)oc2cc1[N+](=O)[O-])C(F)(F)F,0,0
OB(c1c[n](-c2ccccc2)nc1)O,Cc1oc2c(cc(c(c2)[N+]([O-])=O)Cl)n1,Cc1nc2cc(-c3cnn(-c4ccccc4)c3)c([N+](=O)[O-])cc2o1,0,0
CC1(C(C)(C)OB(c2cc(C#N)c(OC3CCOCC3)cc2)O1)C,Cc1oc2c(cc(c(c2)[N+]([O-])=O)Cl)n1,Cc1nc2cc(-c3ccc(OC4CCOCC4)c(C#N)c3)c([N+](=O)[O-])cc2o1,0,0
OCc1c(B(O)O)cc(F)cc1,Cc1oc2c(cc(c(c2)[N+]([O-])=O)Cl)n1,Cc1nc2cc(-c3cc(F)ccc3CO)c([N+](=O)[O-])cc2o1,0,0
CC(Oc1c(C(F)(F)F)cc(B(O)O)cc1)=O,Cc1oc2c(cc(c(c2)[N+]([O-])=O)Cl)n1,CC(=O)Oc1ccc(-c2cc3nc(C)oc3cc2[N+](=O)[O-])cc1C(F)(F)F,0,0
CC1(C(C)(C)OB(c2cc3c(cccc3)nc2)O1)C,Cc1oc2c(cc(c(c2)[N+]([O-])=O)Cl)n1,Cc1nc2cc(-c3cnc4ccccc4c3)c([N+](=O)[O-])cc2o1,0,0
CC1(C(C)(C)OB(C2Cc3c(cccc3)C=2)O1)C,Cc1oc2c(cc(c(c2)[N+]([O-])=O)Cl)n1,Cc1nc2cc(C3=Cc4ccccc4C3)c([N+](=O)[O-])cc2o1,0,0
CC1(C(C)(C)OB(c2c3OCCOc3cs2)O1)C,Cc1oc2c(cc(c(c2)[N+]([O-])=O)Cl)n1,Cc1nc2cc(-c3scc4c3OCCO4)c([N+](=O)[O-])cc2o1,0,0
CC(OC(N1C(B(O)O)CCC1)=O)(C)C,Cc1oc2c(cc(c(c2)[N+]([O-])=O)Cl)n1,Cc1nc2cc(C3CCCN3C(=O)OC(C)(C)C)c([N+](=O)[O-])cc2o1,0,0
CC1(C)OB(C2=CC=CC(=O)N2)OC1(C)C,Cc1oc2c(cc(c(c2)[N+]([O-])=O)Cl)n1,Cc1nc2cc(-c3cccc(=O)[nH]3)c([N+](=O)[O-])cc2o1,0,0
Cc1ccc2C=NNc2c1B1OC(C)(C)C(C)(C)O1,Cc1oc2c(cc(c(c2)[N+]([O-])=O)Cl)n1,Cc1nc2cc(-c3c(C)ccc4cn[nH]c34)c([N+](=O)[O-])cc2o1,0,0
COc1c(B(O)O)c(C2CC2)ncn1,Cc1oc2c(cc(c(c2)[N+]([O-])=O)Cl)n1,COc1ncnc(C2CC2)c1-c1cc2nc(C)oc2cc1[N+](=O)[O-],0,0
COc1ncc(B2OC(C)(C)C(C)(C)O2)cc1,Cc1oc2c(cc(c(c2)[N+]([O-])=O)Cl)n1,COc1ccc(-c2cc3nc(C)oc3cc2[N+](=O)[O-])cn1,0,0
O=Cc1cc(B(O)O)ccc1,Cc1oc2c(cc(c(c2)[N+]([O-])=O)Cl)n1,Cc1nc2cc(-c3cccc(C=O)c3)c([N+](=O)[O-])cc2o1,0,0
O=Cc1ccc(B2OCCCO2)cc1,Cc1oc2c(cc(c(c2)[N+]([O-])=O)Cl)n1,Cc1nc2cc(-c3ccc(C=O)cc3)c([N+](=O)[O-])cc2o1,0,0
Cc1c(C(N2CCCC2)=O)ccc(B2OC(C)(C)C(C)(C)O2)c1,CCCNS(Nc1c(-c2ccc(Br)cc2)c(OCCO)ncn1)(=O)=O,CCCNS(=O)(=O)Nc1ncnc(OCCO)c1-c1ccc(-c2ccc(C(=O)N3CCCC3)c(C)c2)cc1,0,0
OB(c1ccc(-c2oc3c(cccc3)n2)cc1)O,CCCNS(Nc1c(-c2ccc(Br)cc2)c(OCCO)ncn1)(=O)=O,CCCNS(=O)(=O)Nc1ncnc(OCCO)c1-c1ccc(-c2ccc(-c3nc4ccccc4o3)cc2)cc1,91.7,19.2
OB(c1c2Oc3c(Sc2ccc1)cccc3)O,CCCNS(Nc1c(-c2ccc(Br)cc2)c(OCCO)ncn1)(=O)=O,CCCNS(=O)(=O)Nc1ncnc(OCCO)c1-c1ccc(-c2cccc3c2Oc2ccccc2S3)cc1,92.9,62
Cc1[n](C(C)C)c2c(c(cc(c2)B2OC(C)(C)C(C)(C)O2)F)n1,CCCNS(Nc1c(-c2ccc(Br)cc2)c(OCCO)ncn1)(=O)=O,CCCNS(=O)(=O)Nc1ncnc(OCCO)c1-c1ccc(-c2cc(F)c3nc(C)n(C(C)C)c3c2)cc1,100,100
OB(c1c2sc3c(c2ccc1)cccc3)O,CCCNS(Nc1c(-c2ccc(Br)cc2)c(OCCO)ncn1)(=O)=O,CCCNS(=O)(=O)Nc1ncnc(OCCO)c1-c1ccc(-c2cccc3c2sc2ccccc23)cc1,98.1,25.6
C=C(C(F)(F)F)B1OC(C)(C)CC(C)O1,CCCNS(Nc1c(-c2ccc(Br)cc2)c(OCCO)ncn1)(=O)=O,C=C(c1ccc(-c2c(NS(=O)(=O)NCCC)ncnc2OCCO)cc1)C(F)(F)F,68.5,64.9
OB(c1c[n](-c2ccccc2)nc1)O,CCCNS(Nc1c(-c2ccc(Br)cc2)c(OCCO)ncn1)(=O)=O,CCCNS(=O)(=O)Nc1ncnc(OCCO)c1-c1ccc(-c2cnn(-c3ccccc3)c2)cc1,83.2,45.9
CC1(C(C)(C)OB(c2cc(C#N)c(OC3CCOCC3)cc2)O1)C,CCCNS(Nc1c(-c2ccc(Br)cc2)c(OCCO)ncn1)(=O)=O,CCCNS(=O)(=O)Nc1ncnc(OCCO)c1-c1ccc(-c2ccc(OC3CCOCC3)c(C#N)c2)cc1,100,96.9
OCc1c(B(O)O)cc(F)cc1,CCCNS(Nc1c(-c2ccc(Br)cc2)c(OCCO)ncn1)(=O)=O,CCCNS(=O)(=O)Nc1ncnc(OCCO)c1-c1ccc(-c2cc(F)ccc2CO)cc1,82.1,42.9
CC(Oc1c(C(F)(F)F)cc(B(O)O)cc1)=O,CCCNS(Nc1c(-c2ccc(Br)cc2)c(OCCO)ncn1)(=O)=O,CCCNS(=O)(=O)Nc1ncnc(OCCO)c1-c1ccc(-c2ccc(OC(C)=O)c(C(F)(F)F)c2)cc1,0,0
CC1(C(C)(C)OB(c2cc3c(cccc3)nc2)O1)C,CCCNS(Nc1c(-c2ccc(Br)cc2)c(OCCO)ncn1)(=O)=O,CCCNS(=O)(=O)Nc1ncnc(OCCO)c1-c1ccc(-c2cnc3ccccc3c2)cc1,100,100
CC1(C(C)(C)OB(C2Cc3c(cccc3)C=2)O1)C,CCCNS(Nc1c(-c2ccc(Br)cc2)c(OCCO)ncn1)(=O)=O,CCCNS(=O)(=O)Nc1ncnc(OCCO)c1-c1ccc(C2=Cc3ccccc3C2)cc1,0,0
CC1(C(C)(C)OB(c2c3OCCOc3cs2)O1)C,CCCNS(Nc1c(-c2ccc(Br)cc2)c(OCCO)ncn1)(=O)=O,CCCNS(=O)(=O)Nc1ncnc(OCCO)c1-c1ccc(-c2scc3c2OCCO3)cc1,40.1,30.4
CC(OC(N1C(B(O)O)CCC1)=O)(C)C,CCCNS(Nc1c(-c2ccc(Br)cc2)c(OCCO)ncn1)(=O)=O,CCCNS(=O)(=O)Nc1ncnc(OCCO)c1-c1ccc(C2CCCN2C(=O)OC(C)(C)C)cc1,0,0
CC1(C)OB(C2=CC=CC(=O)N2)OC1(C)C,CCCNS(Nc1c(-c2ccc(Br)cc2)c(OCCO)ncn1)(=O)=O,CCCNS(=O)(=O)Nc1ncnc(OCCO)c1-c1ccc(-c2cccc(=O)[nH]2)cc1,42.3,42.6
Cc1ccc2C=NNc2c1B1OC(C)(C)C(C)(C)O1,CCCNS(Nc1c(-c2ccc(Br)cc2)c(OCCO)ncn1)(=O)=O,CCCNS(=O)(=O)Nc1ncnc(OCCO)c1-c1ccc(-c2c(C)ccc3cn[nH]c23)cc1,0,0
COc1c(B(O)O)c(C2CC2)ncn1,CCCNS(Nc1c(-c2ccc(Br)cc2)c(OCCO)ncn1)(=O)=O,CCCNS(=O)(=O)Nc1ncnc(OCCO)c1-c1ccc(-c2c(OC)ncnc2C2CC2)cc1,42.1,9.6
COc1ncc(B2OC(C)(C)C(C)(C)O2)cc1,CCCNS(Nc1c(-c2ccc(Br)cc2)c(OCCO)ncn1)(=O)=O,CCCNS(=O)(=O)Nc1ncnc(OCCO)c1-c1ccc(-c2ccc(OC)nc2)cc1,100,100
O=Cc1cc(B(O)O)ccc1,CCCNS(Nc1c(-c2ccc(Br)cc2)c(OCCO)ncn1)(=O)=O,CCCNS(=O)(=O)Nc1ncnc(OCCO)c1-c1ccc(-c2cccc(C=O)c2)cc1,100,100
O=Cc1ccc(B2OCCCO2)cc1,CCCNS(Nc1c(-c2ccc(Br)cc2)c(OCCO)ncn1)(=O)=O,CCCNS(=O)(=O)Nc1ncnc(OCCO)c1-c1ccc(-c2ccc(C=O)cc2)cc1,100,100
Cc1c(C(N2CCCC2)=O)ccc(B2OC(C)(C)C(C)(C)O2)c1,C1(N)=C(C)C(C)=C(Br)C(C)=C1C,Cc1cc(-c2c(C)c(C)c(N)c(C)c2C)ccc1C(=O)N1CCCC1,100,100
OB(c1ccc(-c2oc3c(cccc3)n2)cc1)O,C1(N)=C(C)C(C)=C(Br)C(C)=C1C,Cc1c(C)c(-c2ccc(-c3nc4ccccc4o3)cc2)c(C)c(C)c1N,97.2,24.5
OB(c1c2Oc3c(Sc2ccc1)cccc3)O,C1(N)=C(C)C(C)=C(Br)C(C)=C1C,Cc1c(C)c(-c2cccc3c2Oc2ccccc2S3)c(C)c(C)c1N,7.8,1.5
Cc1[n](C(C)C)c2c(c(cc(c2)B2OC(C)(C)C(C)(C)O2)F)n1,C1(N)=C(C)C(C)=C(Br)C(C)=C1C,Cc1c(C)c(-c2cc(F)c3nc(C)n(C(C)C)c3c2)c(C)c(C)c1N,0,0
OB(c1c2sc3c(c2ccc1)cccc3)O,C1(N)=C(C)C(C)=C(Br)C(C)=C1C,Cc1c(C)c(-c2cccc3c2sc2ccccc23)c(C)c(C)c1N,0,0
C=C(C(F)(F)F)B1OC(C)(C)CC(C)O1,C1(N)=C(C)C(C)=C(Br)C(C)=C1C,C=C(c1c(C)c(C)c(N)c(C)c1C)C(F)(F)F,50.7,9.5
OB(c1c[n](-c2ccccc2)nc1)O,C1(N)=C(C)C(C)=C(Br)C(C)=C1C,Cc1c(C)c(-c2cnn(-c3ccccc3)c2)c(C)c(C)c1N,80.4,10.7
CC1(C(C)(C)OB(c2cc(C#N)c(OC3CCOCC3)cc2)O1)C,C1(N)=C(C)C(C)=C(Br)C(C)=C1C,Cc1c(C)c(-c2ccc(OC3CCOCC3)c(C#N)c2)c(C)c(C)c1N,92.9,19.7
OCc1c(B(O)O)cc(F)cc1,C1(N)=C(C)C(C)=C(Br)C(C)=C1C,Cc1c(C)c(-c2cc(F)ccc2CO)c(C)c(C)c1N,0,0
CC(Oc1c(C(F)(F)F)cc(B(O)O)cc1)=O,C1(N)=C(C)C(C)=C(Br)C(C)=C1C,CC(=O)Oc1ccc(-c2c(C)c(C)c(N)c(C)c2C)cc1C(F)(F)F,0,0
CC1(C(C)(C)OB(c2cc3c(cccc3)nc2)O1)C,C1(N)=C(C)C(C)=C(Br)C(C)=C1C,Cc1c(C)c(-c2cnc3ccccc3c2)c(C)c(C)c1N,92,27.2
CC1(C(C)(C)OB(C2Cc3c(cccc3)C=2)O1)C,C1(N)=C(C)C(C)=C(Br)C(C)=C1C,Cc1c(C)c(C2=Cc3ccccc3C2)c(C)c(C)c1N,98.1,25.4
CC(OC(N1C(B(O)O)CCC1)=O)(C)C,C1(N)=C(C)C(C)=C(Br)C(C)=C1C,Cc1c(C)c(C2CCCN2C(=O)OC(C)(C)C)c(C)c(C)c1N,0,0
CC1(C)OB(C2=CC=CC(=O)N2)OC1(C)C,C1(N)=C(C)C(C)=C(Br)C(C)=C1C,Cc1c(C)c(-c2cccc(=O)[nH]2)c(C)c(C)c1N,0,0
Cc1ccc2C=NNc2c1B1OC(C)(C)C(C)(C)O1,C1(N)=C(C)C(C)=C(Br)C(C)=C1C,Cc1ccc2cn[nH]c2c1-c1c(C)c(C)c(N)c(C)c1C,0,0
COc1c(B(O)O)c(C2CC2)ncn1,C1(N)=C(C)C(C)=C(Br)C(C)=C1C,COc1ncnc(C2CC2)c1-c1c(C)c(C)c(N)c(C)c1C,0,0
COc1ncc(B2OC(C)(C)C(C)(C)O2)cc1,C1(N)=C(C)C(C)=C(Br)C(C)=C1C,COc1ccc(-c2c(C)c(C)c(N)c(C)c2C)cn1,78.9,8
O=Cc1cc(B(O)O)ccc1,C1(N)=C(C)C(C)=C(Br)C(C)=C1C,Cc1c(C)c(-c2cccc(C=O)c2)c(C)c(C)c1N,96.5,19.5
O=Cc1ccc(B2OCCCO2)cc1,C1(N)=C(C)C(C)=C(Br)C(C)=C1C,Cc1c(C)c(-c2ccc(C=O)cc2)c(C)c(C)c1N,97.6,29.6
Cc1c(C(N2CCCC2)=O)ccc(B2OC(C)(C)C(C)(C)O2)c1,Cc1c(Br)c2C(C(Nc2cc1)=O)=O,Cc1cc(-c2c(C)ccc3c2C(=O)C(=O)N3)ccc1C(=O)N1CCCC1,100,93.4
OB(c1ccc(-c2oc3c(cccc3)n2)cc1)O,Cc1c(Br)c2C(C(Nc2cc1)=O)=O,Cc1ccc2c(c1-c1ccc(-c3nc4ccccc4o3)cc1)C(=O)C(=O)N2,100,100
OB(c1c2Oc3c(Sc2ccc1)cccc3)O,Cc1c(Br)c2C(C(Nc2cc1)=O)=O,Cc1ccc2c(c1-c1cccc3c1Oc1ccccc1S3)C(=O)C(=O)N2,83.9,70.9
Cc1[n](C(C)C)c2c(c(cc(c2)B2OC(C)(C)C(C)(C)O2)F)n1,Cc1c(Br)c2C(C(Nc2cc1)=O)=O,Cc1ccc2c(c1-c1cc(F)c3nc(C)n(C(C)C)c3c1)C(=O)C(=O)N2,100,100
OB(c1c2sc3c(c2ccc1)cccc3)O,Cc1c(Br)c2C(C(Nc2cc1)=O)=O,Cc1ccc2c(c1-c1cccc3c1sc1ccccc13)C(=O)C(=O)N2,100,100
OB(c1c[n](-c2ccccc2)nc1)O,Cc1c(Br)c2C(C(Nc2cc1)=O)=O,Cc1ccc2c(c1-c1cnn(-c3ccccc3)c1)C(=O)C(=O)N2,89.5,89.9
CC1(C(C)(C)OB(c2cc(C#N)c(OC3CCOCC3)cc2)O1)C,Cc1c(Br)c2C(C(Nc2cc1)=O)=O,Cc1ccc2c(c1-c1ccc(OC3CCOCC3)c(C#N)c1)C(=O)C(=O)N2,96.2,83.3
OCc1c(B(O)O)cc(F)cc1,Cc1c(Br)c2C(C(Nc2cc1)=O)=O,Cc1ccc2c(c1-c1cc(F)ccc1CO)C(=O)C(=O)N2,100,100
CC(Oc1c(C(F)(F)F)cc(B(O)O)cc1)=O,Cc1c(Br)c2C(C(Nc2cc1)=O)=O,CC(=O)Oc1ccc(-c2c(C)ccc3c2C(=O)C(=O)N3)cc1C(F)(F)F,0,0
CC1(C(C)(C)OB(c2cc3c(cccc3)nc2)O1)C,Cc1c(Br)c2C(C(Nc2cc1)=O)=O,Cc1ccc2c(c1-c1cnc3ccccc3c1)C(=O)C(=O)N2,100,100
CC1(C(C)(C)OB(C2Cc3c(cccc3)C=2)O1)C,Cc1c(Br)c2C(C(Nc2cc1)=O)=O,Cc1ccc2c(c1C1=Cc3ccccc3C1)C(=O)C(=O)N2,100,100
CC1(C(C)(C)OB(c2c3OCCOc3cs2)O1)C,Cc1c(Br)c2C(C(Nc2cc1)=O)=O,Cc1ccc2c(c1-c1scc3c1OCCO3)C(=O)C(=O)N2,100,100
CC(OC(N1C(B(O)O)CCC1)=O)(C)C,Cc1c(Br)c2C(C(Nc2cc1)=O)=O,Cc1ccc2c(c1C1CCCN1C(=O)OC(C)(C)C)C(=O)C(=O)N2,0,0
CC1(C)OB(C2=CC=CC(=O)N2)OC1(C)C,Cc1c(Br)c2C(C(Nc2cc1)=O)=O,Cc1ccc2c(c1-c1cccc(=O)[nH]1)C(=O)C(=O)N2,0,0
Cc1ccc2C=NNc2c1B1OC(C)(C)C(C)(C)O1,Cc1c(Br)c2C(C(Nc2cc1)=O)=O,Cc1ccc2c(c1-c1c(C)ccc3cn[nH]c13)C(=O)C(=O)N2,0,0
COc1ncc(B2OC(C)(C)C(C)(C)O2)cc1,Cc1c(Br)c2C(C(Nc2cc1)=O)=O,COc1ccc(-c2c(C)ccc3c2C(=O)C(=O)N3)cn1,100,100
O=Cc1cc(B(O)O)ccc1,Cc1c(Br)c2C(C(Nc2cc1)=O)=O,Cc1ccc2c(c1-c1cccc(C=O)c1)C(=O)C(=O)N2,100,100
O=Cc1ccc(B2OCCCO2)cc1,Cc1c(Br)c2C(C(Nc2cc1)=O)=O,Cc1ccc2c(c1-c1ccc(C=O)cc1)C(=O)C(=O)N2,100,100
Cc1c(C(N2CCCC2)=O)ccc(B2OC(C)(C)C(C)(C)O2)c1,Oc1c(Br)cnc2C=CSc12,Cc1cc(-c2cnc3ccsc3c2O)ccc1C(=O)N1CCCC1,0,0
OB(c1ccc(-c2oc3c(cccc3)n2)cc1)O,Oc1c(Br)cnc2C=CSc12,Oc1c(-c2ccc(-c3nc4ccccc4o3)cc2)cnc2ccsc12,0,0
OB(c1c2Oc3c(Sc2ccc1)cccc3)O,Oc1c(Br)cnc2C=CSc12,Oc1c(-c2cccc3c2Oc2ccccc2S3)cnc2ccsc12,76.2,29.7
OB(c1c2sc3c(c2ccc1)cccc3)O,Oc1c(Br)cnc2C=CSc12,Oc1c(-c2cccc3c2sc2ccccc23)cnc2ccsc12,69.7,15.5
C=C(C(F)(F)F)B1OC(C)(C)CC(C)O1,Oc1c(Br)cnc2C=CSc12,C=C(c1cnc2ccsc2c1O)C(F)(F)F,74.4,45.9
OB(c1c[n](-c2ccccc2)nc1)O,Oc1c(Br)cnc2C=CSc12,Oc1c(-c2cnn(-c3ccccc3)c2)cnc2ccsc12,0,0
CC1(C(C)(C)OB(c2cc(C#N)c(OC3CCOCC3)cc2)O1)C,Oc1c(Br)cnc2C=CSc12,N#Cc1cc(-c2cnc3ccsc3c2O)ccc1OC1CCOCC1,80,13.3
OCc1c(B(O)O)cc(F)cc1,Oc1c(Br)cnc2C=CSc12,OCc1ccc(F)cc1-c1cnc2ccsc2c1O,0,0
CC(Oc1c(C(F)(F)F)cc(B(O)O)cc1)=O,Oc1c(Br)cnc2C=CSc12,CC(=O)Oc1ccc(-c2cnc3ccsc3c2O)cc1C(F)(F)F,40,34.5
CC1(C(C)(C)OB(c2cc3c(cccc3)nc2)O1)C,Oc1c(Br)cnc2C=CSc12,Oc1c(-c2cnc3ccccc3c2)cnc2ccsc12,100,100
CC1(C(C)(C)OB(C2Cc3c(cccc3)C=2)O1)C,Oc1c(Br)cnc2C=CSc12,Oc1c(C2=Cc3ccccc3C2)cnc2ccsc12,41.3,22.5
CC1(C(C)(C)OB(c2c3OCCOc3cs2)O1)C,Oc1c(Br)cnc2C=CSc12,Oc1c(-c2scc3c2OCCO3)cnc2ccsc12,68.8,24.5
CC(OC(N1C(B(O)O)CCC1)=O)(C)C,Oc1c(Br)cnc2C=CSc12,CC(C)(C)OC(=O)N1CCCC1c1cnc2ccsc2c1O,0,0
CC1(C)OB(C2=CC=CC(=O)N2)OC1(C)C,Oc1c(Br)cnc2C=CSc12,O=c1cccc(-c2cnc3ccsc3c2O)[nH]1,0,0
Cc1ccc2C=NNc2c1B1OC(C)(C)C(C)(C)O1,Oc1c(Br)cnc2C=CSc12,Cc1ccc2cn[nH]c2c1-c1cnc2ccsc2c1O,0,0
COc1c(B(O)O)c(C2CC2)ncn1,Oc1c(Br)cnc2C=CSc12,COc1ncnc(C2CC2)c1-c1cnc2ccsc2c1O,0,0
COc1ncc(B2OC(C)(C)C(C)(C)O2)cc1,Oc1c(Br)cnc2C=CSc12,COc1ccc(-c2cnc3ccsc3c2O)cn1,0,0
O=Cc1cc(B(O)O)ccc1,Oc1c(Br)cnc2C=CSc12,O=Cc1cccc(-c2cnc3ccsc3c2O)c1,80.8,22.4
O=Cc1ccc(B2OCCCO2)cc1,Oc1c(Br)cnc2C=CSc12,O=Cc1ccc(-c2cnc3ccsc3c2O)cc1,52,16.6
Cc1c(C(N2CCCC2)=O)ccc(B2OC(C)(C)C(C)(C)O2)c1,Ic1[n]2c(cncc2)nc1,Cc1cc(-c2cnc3cnccn23)ccc1C(=O)N1CCCC1,96.1,51.2
OB(c1ccc(-c2oc3c(cccc3)n2)cc1)O,Ic1[n]2c(cncc2)nc1,c1ccc2oc(-c3ccc(-c4cnc5cnccn45)cc3)nc2c1,0,0
OB(c1c2Oc3c(Sc2ccc1)cccc3)O,Ic1[n]2c(cncc2)nc1,c1ccc2c(c1)Oc1c(cccc1-c1cnc3cnccn13)S2,97.8,64.8
OB(c1c2sc3c(c2ccc1)cccc3)O,Ic1[n]2c(cncc2)nc1,c1ccc2c(c1)sc1c(-c3cnc4cnccn34)cccc12,98.1,46.9
C=C(C(F)(F)F)B1OC(C)(C)CC(C)O1,Ic1[n]2c(cncc2)nc1,C=C(c1cnc2cnccn12)C(F)(F)F,100,100
OB(c1c[n](-c2ccccc2)nc1)O,Ic1[n]2c(cncc2)nc1,c1ccc(-n2cc(-c3cnc4cnccn34)cn2)cc1,82.9,30.7
CC1(C(C)(C)OB(c2cc(C#N)c(OC3CCOCC3)cc2)O1)C,Ic1[n]2c(cncc2)nc1,N#Cc1cc(-c2cnc3cnccn23)ccc1OC1CCOCC1,97.7,57.1
OCc1c(B(O)O)cc(F)cc1,Ic1[n]2c(cncc2)nc1,OCc1ccc(F)cc1-c1cnc2cnccn12,76,47.5
CC(Oc1c(C(F)(F)F)cc(B(O)O)cc1)=O,Ic1[n]2c(cncc2)nc1,CC(=O)Oc1ccc(-c2cnc3cnccn23)cc1C(F)(F)F,0,0
CC1(C(C)(C)OB(c2cc3c(cccc3)nc2)O1)C,Ic1[n]2c(cncc2)nc1,c1ccc2ncc(-c3cnc4cnccn34)cc2c1,100,100
CC1(C(C)(C)OB(C2Cc3c(cccc3)C=2)O1)C,Ic1[n]2c(cncc2)nc1,C1=C(c2cnc3cnccn23)Cc2ccccc21,94.5,73.4
CC1(C(C)(C)OB(c2c3OCCOc3cs2)O1)C,Ic1[n]2c(cncc2)nc1,c1cn2c(-c3scc4c3OCCO4)cnc2cn1,89.7,51.2
CC(OC(N1C(B(O)O)CCC1)=O)(C)C,Ic1[n]2c(cncc2)nc1,CC(C)(C)OC(=O)N1CCCC1c1cnc2cnccn12,0,0
CC1(C)OB(C2=CC=CC(=O)N2)OC1(C)C,Ic1[n]2c(cncc2)nc1,O=c1cccc(-c2cnc3cnccn23)[nH]1,0,0
Cc1ccc2C=NNc2c1B1OC(C)(C)C(C)(C)O1,Ic1[n]2c(cncc2)nc1,Cc1ccc2cn[nH]c2c1-c1cnc2cnccn12,54.5,21.7
COc1c(B(O)O)c(C2CC2)ncn1,Ic1[n]2c(cncc2)nc1,COc1ncnc(C2CC2)c1-c1cnc2cnccn12,0,0
COc1ncc(B2OC(C)(C)C(C)(C)O2)cc1,Ic1[n]2c(cncc2)nc1,COc1ccc(-c2cnc3cnccn23)cn1,97.6,77.1
O=Cc1cc(B(O)O)ccc1,Ic1[n]2c(cncc2)nc1,O=Cc1cccc(-c2cnc3cnccn23)c1,97.6,69.1
O=Cc1ccc(B2OCCCO2)cc1,Ic1[n]2c(cncc2)nc1,O=Cc1ccc(-c2cnc3cnccn23)cc1,92.5,66.5
Cc1c(C(N2CCCC2)=O)ccc(B2OC(C)(C)C(C)(C)O2)c1,Brc1c[n]2c(cnc2)cc1,Cc1cc(-c2ccc3cncn3c2)ccc1C(=O)N1CCCC1,95.6,46.5
OB(c1ccc(-c2oc3c(cccc3)n2)cc1)O,Brc1c[n]2c(cnc2)cc1,c1ccc2oc(-c3ccc(-c4ccc5cncn5c4)cc3)nc2c1,89.8,51.8
OB(c1c2Oc3c(Sc2ccc1)cccc3)O,Brc1c[n]2c(cnc2)cc1,c1ccc2c(c1)Oc1c(cccc1-c1ccc3cncn3c1)S2,93.3,65
Cc1[n](C(C)C)c2c(c(cc(c2)B2OC(C)(C)C(C)(C)O2)F)n1,Brc1c[n]2c(cnc2)cc1,Cc1nc2c(F)cc(-c3ccc4cncn4c3)cc2n1C(C)C,95.6,48.2
OB(c1c2sc3c(c2ccc1)cccc3)O,Brc1c[n]2c(cnc2)cc1,c1ccc2c(c1)sc1c(-c3ccc4cncn4c3)cccc12,96.8,70.3
C=C(C(F)(F)F)B1OC(C)(C)CC(C)O1,Brc1c[n]2c(cnc2)cc1,C=C(c1ccc2cncn2c1)C(F)(F)F,62.5,82.9
OB(c1c[n](-c2ccccc2)nc1)O,Brc1c[n]2c(cnc2)cc1,c1ccc(-n2cc(-c3ccc4cncn4c3)cn2)cc1,83.6,26.8
CC1(C(C)(C)OB(c2cc(C#N)c(OC3CCOCC3)cc2)O1)C,Brc1c[n]2c(cnc2)cc1,N#Cc1cc(-c2ccc3cncn3c2)ccc1OC1CCOCC1,98.5,42.1
CC(Oc1c(C(F)(F)F)cc(B(O)O)cc1)=O,Brc1c[n]2c(cnc2)cc1,CC(=O)Oc1ccc(-c2ccc3cncn3c2)cc1C(F)(F)F,0,0
CC1(C(C)(C)OB(c2cc3c(cccc3)nc2)O1)C,Brc1c[n]2c(cnc2)cc1,c1ccc2ncc(-c3ccc4cncn4c3)cc2c1,0,0
CC1(C(C)(C)OB(C2Cc3c(cccc3)C=2)O1)C,Brc1c[n]2c(cnc2)cc1,C1=C(c2ccc3cncn3c2)Cc2ccccc21,92.4,71.3
CC1(C(C)(C)OB(c2c3OCCOc3cs2)O1)C,Brc1c[n]2c(cnc2)cc1,c1cc2cncn2cc1-c1scc2c1OCCO2,64.5,17.3
CC(OC(N1C(B(O)O)CCC1)=O)(C)C,Brc1c[n]2c(cnc2)cc1,CC(C)(C)OC(=O)N1CCCC1c1ccc2cncn2c1,0,0
CC1(C)OB(C2=CC=CC(=O)N2)OC1(C)C,Brc1c[n]2c(cnc2)cc1,O=c1cccc(-c2ccc3cncn3c2)[nH]1,0,0
Cc1ccc2C=NNc2c1B1OC(C)(C)C(C)(C)O1,Brc1c[n]2c(cnc2)cc1,Cc1ccc2cn[nH]c2c1-c1ccc2cncn2c1,41.7,21.7
COc1c(B(O)O)c(C2CC2)ncn1,Brc1c[n]2c(cnc2)cc1,COc1ncnc(C2CC2)c1-c1ccc2cncn2c1,64.6,11.3
COc1ncc(B2OC(C)(C)C(C)(C)O2)cc1,Brc1c[n]2c(cnc2)cc1,COc1ccc(-c2ccc3cncn3c2)cn1,95.9,62.9
O=Cc1cc(B(O)O)ccc1,Brc1c[n]2c(cnc2)cc1,O=Cc1cccc(-c2ccc3cncn3c2)c1,94.8,52.8
O=Cc1ccc(B2OCCCO2)cc1,Brc1c[n]2c(cnc2)cc1,O=Cc1ccc(-c2ccc3cncn3c2)cc1,93.2,61.9
Cc1c(C(N2CCCC2)=O)ccc(B2OC(C)(C)C(C)(C)O2)c1,Cc1onc(-c2cc(C)c(Br)cc2)n1,Cc1nc(-c2ccc(-c3ccc(C(=O)N4CCCC4)c(C)c3)c(C)c2)no1,100,100
OB(c1ccc(-c2oc3c(cccc3)n2)cc1)O,Cc1onc(-c2cc(C)c(Br)cc2)n1,Cc1nc(-c2ccc(-c3ccc(-c4nc5ccccc5o4)cc3)c(C)c2)no1,90.2,100
OB(c1c2Oc3c(Sc2ccc1)cccc3)O,Cc1onc(-c2cc(C)c(Br)cc2)n1,Cc1nc(-c2ccc(-c3cccc4c3Oc3ccccc3S4)c(C)c2)no1,97.9,100
Cc1[n](C(C)C)c2c(c(cc(c2)B2OC(C)(C)C(C)(C)O2)F)n1,Cc1onc(-c2cc(C)c(Br)cc2)n1,Cc1nc(-c2ccc(-c3cc(F)c4nc(C)n(C(C)C)c4c3)c(C)c2)no1,100,100
OB(c1c2sc3c(c2ccc1)cccc3)O,Cc1onc(-c2cc(C)c(Br)cc2)n1,Cc1nc(-c2ccc(-c3cccc4c3sc3ccccc34)c(C)c2)no1,100,100
C=C(C(F)(F)F)B1OC(C)(C)CC(C)O1,Cc1onc(-c2cc(C)c(Br)cc2)n1,C=C(c1ccc(-c2noc(C)n2)cc1C)C(F)(F)F,78.1,68.9
OB(c1c[n](-c2ccccc2)nc1)O,Cc1onc(-c2cc(C)c(Br)cc2)n1,Cc1nc(-c2ccc(-c3cnn(-c4ccccc4)c3)c(C)c2)no1,90,88.7
CC1(C(C)(C)OB(c2cc(C#N)c(OC3CCOCC3)cc2)O1)C,Cc1onc(-c2cc(C)c(Br)cc2)n1,Cc1nc(-c2ccc(-c3ccc(OC4CCOCC4)c(C#N)c3)c(C)c2)no1,100,100
OCc1c(B(O)O)cc(F)cc1,Cc1onc(-c2cc(C)c(Br)cc2)n1,Cc1nc(-c2ccc(-c3cc(F)ccc3CO)c(C)c2)no1,100,100
CC(Oc1c(C(F)(F)F)cc(B(O)O)cc1)=O,Cc1onc(-c2cc(C)c(Br)cc2)n1,CC(=O)Oc1ccc(-c2ccc(-c3noc(C)n3)cc2C)cc1C(F)(F)F,0,0
CC1(C(C)(C)OB(c2cc3c(cccc3)nc2)O1)C,Cc1onc(-c2cc(C)c(Br)cc2)n1,Cc1nc(-c2ccc(-c3cnc4ccccc4c3)c(C)c2)no1,100,100
CC1(C(C)(C)OB(C2Cc3c(cccc3)C=2)O1)C,Cc1onc(-c2cc(C)c(Br)cc2)n1,Cc1nc(-c2ccc(C3=Cc4ccccc4C3)c(C)c2)no1,92.3,100
CC1(C(C)(C)OB(c2c3OCCOc3cs2)O1)C,Cc1onc(-c2cc(C)c(Br)cc2)n1,Cc1nc(-c2ccc(-c3scc4c3OCCO4)c(C)c2)no1,90.7,100
CC(OC(N1C(B(O)O)CCC1)=O)(C)C,Cc1onc(-c2cc(C)c(Br)cc2)n1,Cc1nc(-c2ccc(C3CCCN3C(=O)OC(C)(C)C)c(C)c2)no1,0,0
CC1(C)OB(C2=CC=CC(=O)N2)OC1(C)C,Cc1onc(-c2cc(C)c(Br)cc2)n1,Cc1nc(-c2ccc(-c3cccc(=O)[nH]3)c(C)c2)no1,75.2,79.5
Cc1ccc2C=NNc2c1B1OC(C)(C)C(C)(C)O1,Cc1onc(-c2cc(C)c(Br)cc2)n1,Cc1nc(-c2ccc(-c3c(C)ccc4cn[nH]c34)c(C)c2)no1,39.3,52.8
COc1c(B(O)O)c(C2CC2)ncn1,Cc1onc(-c2cc(C)c(Br)cc2)n1,COc1ncnc(C2CC2)c1-c1ccc(-c2noc(C)n2)cc1C,33.9,13.6
COc1ncc(B2OC(C)(C)C(C)(C)O2)cc1,Cc1onc(-c2cc(C)c(Br)cc2)n1,COc1ccc(-c2ccc(-c3noc(C)n3)cc2C)cn1,91.6,90.5
O=Cc1cc(B(O)O)ccc1,Cc1onc(-c2cc(C)c(Br)cc2)n1,Cc1nc(-c2ccc(-c3cccc(C=O)c3)c(C)c2)no1,98.8,99
O=Cc1ccc(B2OCCCO2)cc1,Cc1onc(-c2cc(C)c(Br)cc2)n1,Cc1nc(-c2ccc(-c3ccc(C=O)cc3)c(C)c2)no1,95,96
Cc1c(C(N2CCCC2)=O)ccc(B2OC(C)(C)C(C)(C)O2)c1,Clc1c2[n](cnn2)ccc1,Cc1cc(-c2cccn3cnnc23)ccc1C(=O)N1CCCC1,89.2,44.9
OB(c1ccc(-c2oc3c(cccc3)n2)cc1)O,Clc1c2[n](cnn2)ccc1,c1ccc2oc(-c3ccc(-c4cccn5cnnc45)cc3)nc2c1,91.8,51.2
OB(c1c2Oc3c(Sc2ccc1)cccc3)O,Clc1c2[n](cnn2)ccc1,c1ccc2c(c1)Oc1c(cccc1-c1cccn3cnnc13)S2,82.3,60.7
Cc1[n](C(C)C)c2c(c(cc(c2)B2OC(C)(C)C(C)(C)O2)F)n1,Clc1c2[n](cnn2)ccc1,Cc1nc2c(F)cc(-c3cccn4cnnc34)cc2n1C(C)C,89.5,46.8
OB(c1c2sc3c(c2ccc1)cccc3)O,Clc1c2[n](cnn2)ccc1,c1ccc2c(c1)sc1c(-c3cccn4cnnc34)cccc12,94.3,48.9
C=C(C(F)(F)F)B1OC(C)(C)CC(C)O1,Clc1c2[n](cnn2)ccc1,C=C(c1cccn2cnnc12)C(F)(F)F,0,0
OB(c1c[n](-c2ccccc2)nc1)O,Clc1c2[n](cnn2)ccc1,c1ccc(-n2cc(-c3cccn4cnnc34)cn2)cc1,45.3,17.3
CC1(C(C)(C)OB(c2cc(C#N)c(OC3CCOCC3)cc2)O1)C,Clc1c2[n](cnn2)ccc1,N#Cc1cc(-c2cccn3cnnc23)ccc1OC1CCOCC1,92.6,36.6
OCc1c(B(O)O)cc(F)cc1,Clc1c2[n](cnn2)ccc1,OCc1ccc(F)cc1-c1cccn2cnnc12,77.5,51.2
CC(Oc1c(C(F)(F)F)cc(B(O)O)cc1)=O,Clc1c2[n](cnn2)ccc1,CC(=O)Oc1ccc(-c2cccn3cnnc23)cc1C(F)(F)F,0,0
CC1(C(C)(C)OB(c2cc3c(cccc3)nc2)O1)C,Clc1c2[n](cnn2)ccc1,c1ccc2ncc(-c3cccn4cnnc34)cc2c1,97.4,32.9
CC1(C(C)(C)OB(C2Cc3c(cccc3)C=2)O1)C,Clc1c2[n](cnn2)ccc1,C1=C(c2cccn3cnnc23)Cc2ccccc21,94.5,83.8
CC1(C(C)(C)OB(c2c3OCCOc3cs2)O1)C,Clc1c2[n](cnn2)ccc1,c1cc(-c2scc3c2OCCO3)c2nncn2c1,32.9,55.7
CC(OC(N1C(B(O)O)CCC1)=O)(C)C,Clc1c2[n](cnn2)ccc1,CC(C)(C)OC(=O)N1CCCC1c1cccn2cnnc12,0,0
CC1(C)OB(C2=CC=CC(=O)N2)OC1(C)C,Clc1c2[n](cnn2)ccc1,O=c1cccc(-c2cccn3cnnc23)[nH]1,0,0
Cc1ccc2C=NNc2c1B1OC(C)(C)C(C)(C)O1,Clc1c2[n](cnn2)ccc1,Cc1ccc2cn[nH]c2c1-c1cccn2cnnc12,0,0
COc1c(B(O)O)c(C2CC2)ncn1,Clc1c2[n](cnn2)ccc1,COc1ncnc(C2CC2)c1-c1cccn2cnnc12,0,0
COc1ncc(B2OC(C)(C)C(C)(C)O2)cc1,Clc1c2[n](cnn2)ccc1,COc1ccc(-c2cccn3cnnc23)cn1,93.3,71.5
O=Cc1cc(B(O)O)ccc1,Clc1c2[n](cnn2)ccc1,O=Cc1cccc(-c2cccn3cnnc23)c1,95.7,60.3
O=Cc1ccc(B2OCCCO2)cc1,Clc1c2[n](cnn2)ccc1,O=Cc1ccc(-c2cccn3cnnc23)cc1,95.8,50.2
Cc1c(C(N2CCCC2)=O)ccc(B2OC(C)(C)C(C)(C)O2)c1,Brc1[n]2CCNCc2nn1,Cc1cc(-c2nnc3n2CCNC3)ccc1C(=O)N1CCCC1,0,0
OB(c1ccc(-c2oc3c(cccc3)n2)cc1)O,Brc1[n]2CCNCc2nn1,c1ccc2oc(-c3ccc(-c4nnc5n4CCNC5)cc3)nc2c1,100,100
OB(c1c2Oc3c(Sc2ccc1)cccc3)O,Brc1[n]2CCNCc2nn1,c1ccc2c(c1)Oc1c(cccc1-c1nnc3n1CCNC3)S2,100,100
Cc1[n](C(C)C)c2c(c(cc(c2)B2OC(C)(C)C(C)(C)O2)F)n1,Brc1[n]2CCNCc2nn1,Cc1nc2c(F)cc(-c3nnc4n3CCNC4)cc2n1C(C)C,0,0
OB(c1c2sc3c(c2ccc1)cccc3)O,Brc1[n]2CCNCc2nn1,c1ccc2c(c1)sc1c(-c3nnc4n3CCNC4)cccc12,100,100
C=C(C(F)(F)F)B1OC(C)(C)CC(C)O1,Brc1[n]2CCNCc2nn1,C=C(c1nnc2n1CCNC2)C(F)(F)F,0,0
CC1(C(C)(C)OB(c2cc(C#N)c(OC3CCOCC3)cc2)O1)C,Brc1[n]2CCNCc2nn1,N#Cc1cc(-c2nnc3n2CCNC3)ccc1OC1CCOCC1,100,100
OCc1c(B(O)O)cc(F)cc1,Brc1[n]2CCNCc2nn1,OCc1ccc(F)cc1-c1nnc2n1CCNC2,0,0
CC1(C(C)(C)OB(c2cc3c(cccc3)nc2)O1)C,Brc1[n]2CCNCc2nn1,c1ccc2ncc(-c3nnc4n3CCNC4)cc2c1,0,0
CC1(C(C)(C)OB(C2Cc3c(cccc3)C=2)O1)C,Brc1[n]2CCNCc2nn1,C1=C(c2nnc3n2CCNC3)Cc2ccccc21,100,100
CC1(C(C)(C)OB(c2c3OCCOc3cs2)O1)C,Brc1[n]2CCNCc2nn1,c1sc(-c2nnc3n2CCNC3)c2c1OCCO2,0,0
CC(OC(N1C(B(O)O)CCC1)=O)(C)C,Brc1[n]2CCNCc2nn1,CC(C)(C)OC(=O)N1CCCC1c1nnc2n1CCNC2,0,0
CC1(C)OB(C2=CC=CC(=O)N2)OC1(C)C,Brc1[n]2CCNCc2nn1,O=c1cccc(-c2nnc3n2CCNC3)[nH]1,0,0
Cc1ccc2C=NNc2c1B1OC(C)(C)C(C)(C)O1,Brc1[n]2CCNCc2nn1,Cc1ccc2cn[nH]c2c1-c1nnc2n1CCNC2,100,100
COc1c(B(O)O)c(C2CC2)ncn1,Brc1[n]2CCNCc2nn1,COc1ncnc(C2CC2)c1-c1nnc2n1CCNC2,0,0
COc1ncc(B2OC(C)(C)C(C)(C)O2)cc1,Brc1[n]2CCNCc2nn1,COc1ccc(-c2nnc3n2CCNC3)cn1,0,0
O=Cc1cc(B(O)O)ccc1,Brc1[n]2CCNCc2nn1,O=Cc1cccc(-c2nnc3n2CCNC3)c1,0,0
O=Cc1ccc(B2OCCCO2)cc1,Brc1[n]2CCNCc2nn1,O=Cc1ccc(-c2nnc3n2CCNC3)cc1,0,0
Cc1c(C(N2CCCC2)=O)ccc(B2OC(C)(C)C(C)(C)O2)c1,O=C(C1CC1)Nc1n[n]2c(cccc2Br)n1,Cc1cc(-c2cccc(=N)n2N)ccc1C(=O)N1CCCC1,93.6,68.3
OB(c1ccc(-c2oc3c(cccc3)n2)cc1)O,O=C(C1CC1)Nc1n[n]2c(cccc2Br)n1,N=c1cccc(-c2ccc(-c3nc4ccccc4o3)cc2)n1N,72.4,43.2
OB(c1c2Oc3c(Sc2ccc1)cccc3)O,O=C(C1CC1)Nc1n[n]2c(cccc2Br)n1,N=c1cccc(-c2cccc3c2Oc2ccccc2S3)n1N,97.5,87.3
Cc1[n](C(C)C)c2c(c(cc(c2)B2OC(C)(C)C(C)(C)O2)F)n1,O=C(C1CC1)Nc1n[n]2c(cccc2Br)n1,Cc1nc2c(F)cc(-c3cccc(=N)n3N)cc2n1C(C)C,100,100
OB(c1c2sc3c(c2ccc1)cccc3)O,O=C(C1CC1)Nc1n[n]2c(cccc2Br)n1,N=c1cccc(-c2cccc3c2sc2ccccc23)n1N,100,100
C=C(C(F)(F)F)B1OC(C)(C)CC(C)O1,O=C(C1CC1)Nc1n[n]2c(cccc2Br)n1,C=C(c1cccc(=N)n1N)C(F)(F)F,0,0
OB(c1c[n](-c2ccccc2)nc1)O,O=C(C1CC1)Nc1n[n]2c(cccc2Br)n1,N=c1cccc(-c2cnn(-c3ccccc3)c2)n1N,44.7,46.2
CC1(C(C)(C)OB(c2cc(C#N)c(OC3CCOCC3)cc2)O1)C,O=C(C1CC1)Nc1n[n]2c(cccc2Br)n1,N#Cc1cc(-c2cccc(=N)n2N)ccc1OC1CCOCC1,100,100
OCc1c(B(O)O)cc(F)cc1,O=C(C1CC1)Nc1n[n]2c(cccc2Br)n1,N=c1cccc(-c2cc(F)ccc2CO)n1N,77.4,53.6
CC(Oc1c(C(F)(F)F)cc(B(O)O)cc1)=O,O=C(C1CC1)Nc1n[n]2c(cccc2Br)n1,CC(=O)Oc1ccc(-c2cccc(=N)n2N)cc1C(F)(F)F,0,0
CC1(C(C)(C)OB(c2cc3c(cccc3)nc2)O1)C,O=C(C1CC1)Nc1n[n]2c(cccc2Br)n1,N=c1cccc(-c2cnc3ccccc3c2)n1N,100,100
CC1(C(C)(C)OB(C2Cc3c(cccc3)C=2)O1)C,O=C(C1CC1)Nc1n[n]2c(cccc2Br)n1,N=c1cccc(C2=Cc3ccccc3C2)n1N,0,0
CC1(C(C)(C)OB(c2c3OCCOc3cs2)O1)C,O=C(C1CC1)Nc1n[n]2c(cccc2Br)n1,N=c1cccc(-c2scc3c2OCCO3)n1N,85,38.9
CC(OC(N1C(B(O)O)CCC1)=O)(C)C,O=C(C1CC1)Nc1n[n]2c(cccc2Br)n1,CC(C)(C)OC(=O)N1CCCC1c1cccc(=N)n1N,0,0
CC1(C)OB(C2=CC=CC(=O)N2)OC1(C)C,O=C(C1CC1)Nc1n[n]2c(cccc2Br)n1,N=c1cccc(-c2cccc(=O)[nH]2)n1N,43.5,17.7
Cc1ccc2C=NNc2c1B1OC(C)(C)C(C)(C)O1,O=C(C1CC1)Nc1n[n]2c(cccc2Br)n1,Cc1ccc2cn[nH]c2c1-c1cccc(=N)n1N,12.1,9
COc1c(B(O)O)c(C2CC2)ncn1,O=C(C1CC1)Nc1n[n]2c(cccc2Br)n1,COc1ncnc(C2CC2)c1-c1cccc(=N)n1N,0,0
COc1ncc(B2OC(C)(C)C(C)(C)O2)cc1,O=C(C1CC1)Nc1n[n]2c(cccc2Br)n1,COc1ccc(-c2cccc(=N)n2N)cn1,100,100
O=Cc1ccc(B2OCCCO2)cc1,O=C(C1CC1)Nc1n[n]2c(cccc2Br)n1,N=c1cccc(-c2ccc(C=O)cc2)n1N,98.5,82.9
Cc1c(C(N2CCCC2)=O)ccc(B2OC(C)(C)C(C)(C)O2)c1,Brc1nc(C2CC2)on1,Cc1cc(-c2noc(C3CC3)n2)ccc1C(=O)N1CCCC1,0,0
OB(c1ccc(-c2oc3c(cccc3)n2)cc1)O,Brc1nc(C2CC2)on1,c1ccc2oc(-c3ccc(-c4noc(C5CC5)n4)cc3)nc2c1,0,0
OB(c1c2Oc3c(Sc2ccc1)cccc3)O,Brc1nc(C2CC2)on1,c1ccc2c(c1)Oc1c(cccc1-c1noc(C3CC3)n1)S2,0,0
Cc1[n](C(C)C)c2c(c(cc(c2)B2OC(C)(C)C(C)(C)O2)F)n1,Brc1nc(C2CC2)on1,Cc1nc2c(F)cc(-c3noc(C4CC4)n3)cc2n1C(C)C,0,0
OB(c1c2sc3c(c2ccc1)cccc3)O,Brc1nc(C2CC2)on1,c1ccc2c(c1)sc1c(-c3noc(C4CC4)n3)cccc12,0,0
C=C(C(F)(F)F)B1OC(C)(C)CC(C)O1,Brc1nc(C2CC2)on1,C=C(c1noc(C2CC2)n1)C(F)(F)F,0,0
OB(c1c[n](-c2ccccc2)nc1)O,Brc1nc(C2CC2)on1,c1ccc(-n2cc(-c3noc(C4CC4)n3)cn2)cc1,0,0
CC1(C(C)(C)OB(c2cc(C#N)c(OC3CCOCC3)cc2)O1)C,Brc1nc(C2CC2)on1,N#Cc1cc(-c2noc(C3CC3)n2)ccc1OC1CCOCC1,0,0
OCc1c(B(O)O)cc(F)cc1,Brc1nc(C2CC2)on1,OCc1ccc(F)cc1-c1noc(C2CC2)n1,0,0
CC(Oc1c(C(F)(F)F)cc(B(O)O)cc1)=O,Brc1nc(C2CC2)on1,CC(=O)Oc1ccc(-c2noc(C3CC3)n2)cc1C(F)(F)F,0,0
CC1(C(C)(C)OB(C2Cc3c(cccc3)C=2)O1)C,Brc1nc(C2CC2)on1,C1=C(c2noc(C3CC3)n2)Cc2ccccc21,0,0
CC1(C(C)(C)OB(c2c3OCCOc3cs2)O1)C,Brc1nc(C2CC2)on1,c1sc(-c2noc(C3CC3)n2)c2c1OCCO2,0,0
CC(OC(N1C(B(O)O)CCC1)=O)(C)C,Brc1nc(C2CC2)on1,CC(C)(C)OC(=O)N1CCCC1c1noc(C2CC2)n1,0,0
CC1(C)OB(C2=CC=CC(=O)N2)OC1(C)C,Brc1nc(C2CC2)on1,O=c1cccc(-c2noc(C3CC3)n2)[nH]1,0,0
Cc1ccc2C=NNc2c1B1OC(C)(C)C(C)(C)O1,Brc1nc(C2CC2)on1,Cc1ccc2cn[nH]c2c1-c1noc(C2CC2)n1,100,100
COc1c(B(O)O)c(C2CC2)ncn1,Brc1nc(C2CC2)on1,COc1ncnc(C2CC2)c1-c1noc(C2CC2)n1,0,0
COc1ncc(B2OC(C)(C)C(C)(C)O2)cc1,Brc1nc(C2CC2)on1,COc1ccc(-c2noc(C3CC3)n2)cn1,0,0
O=Cc1cc(B(O)O)ccc1,Brc1nc(C2CC2)on1,O=Cc1cccc(-c2noc(C3CC3)n2)c1,0,0
Cc1c(C(N2CCCC2)=O)ccc(B2OC(C)(C)C(C)(C)O2)c1,O=C(c1c(Br)nccn1)O,Cc1cc(-c2nccnc2C(=O)O)ccc1C(=O)N1CCCC1,100,100
OB(c1ccc(-c2oc3c(cccc3)n2)cc1)O,O=C(c1c(Br)nccn1)O,O=C(O)c1nccnc1-c1ccc(-c2nc3ccccc3o2)cc1,95.8,100
OB(c1c2Oc3c(Sc2ccc1)cccc3)O,O=C(c1c(Br)nccn1)O,O=C(O)c1nccnc1-c1cccc2c1Oc1ccccc1S2,100,100
Cc1[n](C(C)C)c2c(c(cc(c2)B2OC(C)(C)C(C)(C)O2)F)n1,O=C(c1c(Br)nccn1)O,Cc1nc2c(F)cc(-c3nccnc3C(=O)O)cc2n1C(C)C,56.2,54.8
OB(c1c2sc3c(c2ccc1)cccc3)O,O=C(c1c(Br)nccn1)O,O=C(O)c1nccnc1-c1cccc2c1sc1ccccc12,100,100
CC1(C(C)(C)OB(c2cc(C#N)c(OC3CCOCC3)cc2)O1)C,O=C(c1c(Br)nccn1)O,N#Cc1cc(-c2nccnc2C(=O)O)ccc1OC1CCOCC1,100,100
CC(Oc1c(C(F)(F)F)cc(B(O)O)cc1)=O,O=C(c1c(Br)nccn1)O,CC(=O)Oc1ccc(-c2nccnc2C(=O)O)cc1C(F)(F)F,0,0
CC1(C(C)(C)OB(c2cc3c(cccc3)nc2)O1)C,O=C(c1c(Br)nccn1)O,O=C(O)c1nccnc1-c1cnc2ccccc2c1,0,0
CC1(C(C)(C)OB(C2Cc3c(cccc3)C=2)O1)C,O=C(c1c(Br)nccn1)O,O=C(O)c1nccnc1C1=Cc2ccccc2C1,0,0
CC1(C(C)(C)OB(c2c3OCCOc3cs2)O1)C,O=C(c1c(Br)nccn1)O,O=C(O)c1nccnc1-c1scc2c1OCCO2,69.7,24.7
CC(OC(N1C(B(O)O)CCC1)=O)(C)C,O=C(c1c(Br)nccn1)O,CC(C)(C)OC(=O)N1CCCC1c1nccnc1C(=O)O,0,0
CC1(C)OB(C2=CC=CC(=O)N2)OC1(C)C,O=C(c1c(Br)nccn1)O,O=C(O)c1nccnc1-c1cccc(=O)[nH]1,0,0
Cc1ccc2C=NNc2c1B1OC(C)(C)C(C)(C)O1,O=C(c1c(Br)nccn1)O,Cc1ccc2cn[nH]c2c1-c1nccnc1C(=O)O,0,0
COc1c(B(O)O)c(C2CC2)ncn1,O=C(c1c(Br)nccn1)O,COc1ncnc(C2CC2)c1-c1nccnc1C(=O)O,69.8,13
COc1ncc(B2OC(C)(C)C(C)(C)O2)cc1,O=C(c1c(Br)nccn1)O,COc1ccc(-c2nccnc2C(=O)O)cn1,97.7,89
O=Cc1cc(B(O)O)ccc1,O=C(c1c(Br)nccn1)O,O=Cc1cccc(-c2nccnc2C(=O)O)c1,100,100
O=Cc1ccc(B2OCCCO2)cc1,O=C(c1c(Br)nccn1)O,O=Cc1ccc(-c2nccnc2C(=O)O)cc1,0,0
Cc1c(C(N2CCCC2)=O)ccc(B2OC(C)(C)C(C)(C)O2)c1,Ic1ccncc1,Cc1cc(-c2ccncc2)ccc1C(=O)N1CCCC1,83.1,87.7
OB(c1ccc(-c2oc3c(cccc3)n2)cc1)O,Ic1ccncc1,c1ccc2oc(-c3ccc(-c4ccncc4)cc3)nc2c1,97.1,87.9
OB(c1c2Oc3c(Sc2ccc1)cccc3)O,Ic1ccncc1,c1ccc2c(c1)Oc1c(cccc1-c1ccncc1)S2,100,100
Cc1[n](C(C)C)c2c(c(cc(c2)B2OC(C)(C)C(C)(C)O2)F)n1,Ic1ccncc1,Cc1nc2c(F)cc(-c3ccncc3)cc2n1C(C)C,85.6,57.6
OB(c1c2sc3c(c2ccc1)cccc3)O,Ic1ccncc1,c1ccc2c(c1)sc1c(-c3ccncc3)cccc12,100,100
C=C(C(F)(F)F)B1OC(C)(C)CC(C)O1,Ic1ccncc1,C=C(c1ccncc1)C(F)(F)F,92.4,88.6
OB(c1c[n](-c2ccccc2)nc1)O,Ic1ccncc1,c1ccc(-n2cc(-c3ccncc3)cn2)cc1,86,79.6
CC1(C(C)(C)OB(c2cc(C#N)c(OC3CCOCC3)cc2)O1)C,Ic1ccncc1,N#Cc1cc(-c2ccncc2)ccc1OC1CCOCC1,98.5,98.9
OCc1c(B(O)O)cc(F)cc1,Ic1ccncc1,OCc1ccc(F)cc1-c1ccncc1,95.6,100
CC(Oc1c(C(F)(F)F)cc(B(O)O)cc1)=O,Ic1ccncc1,CC(=O)Oc1ccc(-c2ccncc2)cc1C(F)(F)F,73.4,71.7
CC1(C(C)(C)OB(c2cc3c(cccc3)nc2)O1)C,Ic1ccncc1,c1ccc2ncc(-c3ccncc3)cc2c1,99.1,99.1
CC1(C(C)(C)OB(c2c3OCCOc3cs2)O1)C,Ic1ccncc1,c1cc(-c2scc3c2OCCO3)ccn1,93.7,94.2
CC(OC(N1C(B(O)O)CCC1)=O)(C)C,Ic1ccncc1,CC(C)(C)OC(=O)N1CCCC1c1ccncc1,0,0
CC1(C)OB(C2=CC=CC(=O)N2)OC1(C)C,Ic1ccncc1,O=c1cccc(-c2ccncc2)[nH]1,0,0
Cc1ccc2C=NNc2c1B1OC(C)(C)C(C)(C)O1,Ic1ccncc1,Cc1ccc2cn[nH]c2c1-c1ccncc1,41.5,24.4
COc1c(B(O)O)c(C2CC2)ncn1,Ic1ccncc1,COc1ncnc(C2CC2)c1-c1ccncc1,62.7,32.8
COc1ncc(B2OC(C)(C)C(C)(C)O2)cc1,Ic1ccncc1,COc1ccc(-c2ccncc2)cn1,92.7,89.1
O=Cc1cc(B(O)O)ccc1,Ic1ccncc1,O=Cc1cccc(-c2ccncc2)c1,96.7,87.3
O=Cc1ccc(B2OCCCO2)cc1,Ic1ccncc1,O=Cc1ccc(-c2ccncc2)cc1,95.3,95.1
Cc1c(C(N2CCCC2)=O)ccc(B2OC(C)(C)C(C)(C)O2)c1,FC(c1cnc(Br)nc1)(F)F,Cc1cc(-c2ncc(C(F)(F)F)cn2)ccc1C(=O)N1CCCC1,100,100
OB(c1ccc(-c2oc3c(cccc3)n2)cc1)O,FC(c1cnc(Br)nc1)(F)F,FC(F)(F)c1cnc(-c2ccc(-c3nc4ccccc4o3)cc2)nc1,0,0
OB(c1c2Oc3c(Sc2ccc1)cccc3)O,FC(c1cnc(Br)nc1)(F)F,FC(F)(F)c1cnc(-c2cccc3c2Oc2ccccc2S3)nc1,100,100
Cc1[n](C(C)C)c2c(c(cc(c2)B2OC(C)(C)C(C)(C)O2)F)n1,FC(c1cnc(Br)nc1)(F)F,Cc1nc2c(F)cc(-c3ncc(C(F)(F)F)cn3)cc2n1C(C)C,100,100
OB(c1c2sc3c(c2ccc1)cccc3)O,FC(c1cnc(Br)nc1)(F)F,FC(F)(F)c1cnc(-c2cccc3c2sc2ccccc23)nc1,100,100
OB(c1c[n](-c2ccccc2)nc1)O,FC(c1cnc(Br)nc1)(F)F,FC(F)(F)c1cnc(-c2cnn(-c3ccccc3)c2)nc1,100,100
CC1(C(C)(C)OB(c2cc(C#N)c(OC3CCOCC3)cc2)O1)C,FC(c1cnc(Br)nc1)(F)F,N#Cc1cc(-c2ncc(C(F)(F)F)cn2)ccc1OC1CCOCC1,100,100
OCc1c(B(O)O)cc(F)cc1,FC(c1cnc(Br)nc1)(F)F,OCc1ccc(F)cc1-c1ncc(C(F)(F)F)cn1,0,0
CC(Oc1c(C(F)(F)F)cc(B(O)O)cc1)=O,FC(c1cnc(Br)nc1)(F)F,CC(=O)Oc1ccc(-c2ncc(C(F)(F)F)cn2)cc1C(F)(F)F,0,0
CC1(C(C)(C)OB(c2cc3c(cccc3)nc2)O1)C,FC(c1cnc(Br)nc1)(F)F,FC(F)(F)c1cnc(-c2cnc3ccccc3c2)nc1,100,100
CC1(C(C)(C)OB(C2Cc3c(cccc3)C=2)O1)C,FC(c1cnc(Br)nc1)(F)F,FC(F)(F)c1cnc(C2=Cc3ccccc3C2)nc1,100,100
CC1(C(C)(C)OB(c2c3OCCOc3cs2)O1)C,FC(c1cnc(Br)nc1)(F)F,FC(F)(F)c1cnc(-c2scc3c2OCCO3)nc1,100,100
CC(OC(N1C(B(O)O)CCC1)=O)(C)C,FC(c1cnc(Br)nc1)(F)F,CC(C)(C)OC(=O)N1CCCC1c1ncc(C(F)(F)F)cn1,0,0
CC1(C)OB(C2=CC=CC(=O)N2)OC1(C)C,FC(c1cnc(Br)nc1)(F)F,O=c1cccc(-c2ncc(C(F)(F)F)cn2)[nH]1,100,100
Cc1ccc2C=NNc2c1B1OC(C)(C)C(C)(C)O1,FC(c1cnc(Br)nc1)(F)F,Cc1ccc2cn[nH]c2c1-c1ncc(C(F)(F)F)cn1,92.4,49.1
COc1c(B(O)O)c(C2CC2)ncn1,FC(c1cnc(Br)nc1)(F)F,COc1ncnc(C2CC2)c1-c1ncc(C(F)(F)F)cn1,100,100
COc1ncc(B2OC(C)(C)C(C)(C)O2)cc1,FC(c1cnc(Br)nc1)(F)F,COc1ccc(-c2ncc(C(F)(F)F)cn2)cn1,100,100
O=Cc1cc(B(O)O)ccc1,FC(c1cnc(Br)nc1)(F)F,O=Cc1cccc(-c2ncc(C(F)(F)F)cn2)c1,100,100
O=Cc1ccc(B2OCCCO2)cc1,FC(c1cnc(Br)nc1)(F)F,O=Cc1ccc(-c2ncc(C(F)(F)F)cn2)cc1,0,0
Cc1c(C(N2CCCC2)=O)ccc(B2OC(C)(C)C(C)(C)O2)c1,C1NC(I)=CN=1,Cc1cc(-c2cnc[nH]2)ccc1C(=O)N1CCCC1,50.2,1.2
OB(c1c2Oc3c(Sc2ccc1)cccc3)O,C1NC(I)=CN=1,c1ccc2c(c1)Oc1c(cccc1-c1cnc[nH]1)S2,70.9,12.7
Cc1[n](C(C)C)c2c(c(cc(c2)B2OC(C)(C)C(C)(C)O2)F)n1,C1NC(I)=CN=1,Cc1nc2c(F)cc(-c3cnc[nH]3)cc2n1C(C)C,0,0
OB(c1c2sc3c(c2ccc1)cccc3)O,C1NC(I)=CN=1,c1ccc2c(c1)sc1c(-c3cnc[nH]3)cccc12,75.7,12.7
OB(c1c[n](-c2ccccc2)nc1)O,C1NC(I)=CN=1,c1ccc(-n2cc(-c3cnc[nH]3)cn2)cc1,61.6,20
CC1(C(C)(C)OB(c2cc(C#N)c(OC3CCOCC3)cc2)O1)C,C1NC(I)=CN=1,N#Cc1cc(-c2cnc[nH]2)ccc1OC1CCOCC1,83.1,4
OCc1c(B(O)O)cc(F)cc1,C1NC(I)=CN=1,OCc1ccc(F)cc1-c1cnc[nH]1,0,0
CC(Oc1c(C(F)(F)F)cc(B(O)O)cc1)=O,C1NC(I)=CN=1,CC(=O)Oc1ccc(-c2cnc[nH]2)cc1C(F)(F)F,0,0
CC1(C(C)(C)OB(c2cc3c(cccc3)nc2)O1)C,C1NC(I)=CN=1,c1ccc2ncc(-c3cnc[nH]3)cc2c1,0,0
CC1(C(C)(C)OB(C2Cc3c(cccc3)C=2)O1)C,C1NC(I)=CN=1,C1=C(c2cnc[nH]2)Cc2ccccc21,79.9,90.9
CC1(C(C)(C)OB(c2c3OCCOc3cs2)O1)C,C1NC(I)=CN=1,c1ncc(-c2scc3c2OCCO3)[nH]1,0,0
CC(OC(N1C(B(O)O)CCC1)=O)(C)C,C1NC(I)=CN=1,CC(C)(C)OC(=O)N1CCCC1c1cnc[nH]1,0,0
CC1(C)OB(C2=CC=CC(=O)N2)OC1(C)C,C1NC(I)=CN=1,O=c1cccc(-c2cnc[nH]2)[nH]1,0,0
Cc1ccc2C=NNc2c1B1OC(C)(C)C(C)(C)O1,C1NC(I)=CN=1,Cc1ccc2cn[nH]c2c1-c1cnc[nH]1,0,0
COc1c(B(O)O)c(C2CC2)ncn1,C1NC(I)=CN=1,COc1ncnc(C2CC2)c1-c1cnc[nH]1,43.4,6.6
COc1ncc(B2OC(C)(C)C(C)(C)O2)cc1,C1NC(I)=CN=1,COc1ccc(-c2cnc[nH]2)cn1,0,0
O=Cc1cc(B(O)O)ccc1,C1NC(I)=CN=1,O=Cc1cccc(-c2cnc[nH]2)c1,58.5,33.2
O=Cc1ccc(B2OCCCO2)cc1,C1NC(I)=CN=1,O=Cc1ccc(-c2cnc[nH]2)cc1,0,0
Cc1c(C(N2CCCC2)=O)ccc(B2OC(C)(C)C(C)(C)O2)c1,CC([n]1c(=O)cc(Br)cc1)C,Cc1cc(-c2ccn(C(C)C)c(=O)c2)ccc1C(=O)N1CCCC1,94.1,87.9
OB(c1ccc(-c2oc3c(cccc3)n2)cc1)O,CC([n]1c(=O)cc(Br)cc1)C,CC(C)n1ccc(-c2ccc(-c3nc4ccccc4o3)cc2)cc1=O,72.9,33.1
OB(c1c2Oc3c(Sc2ccc1)cccc3)O,CC([n]1c(=O)cc(Br)cc1)C,CC(C)n1ccc(-c2cccc3c2Oc2ccccc2S3)cc1=O,92.3,61.4
Cc1[n](C(C)C)c2c(c(cc(c2)B2OC(C)(C)C(C)(C)O2)F)n1,CC([n]1c(=O)cc(Br)cc1)C,Cc1nc2c(F)cc(-c3ccn(C(C)C)c(=O)c3)cc2n1C(C)C,90,60
OB(c1c2sc3c(c2ccc1)cccc3)O,CC([n]1c(=O)cc(Br)cc1)C,CC(C)n1ccc(-c2cccc3c2sc2ccccc23)cc1=O,98.3,56.5
C=C(C(F)(F)F)B1OC(C)(C)CC(C)O1,CC([n]1c(=O)cc(Br)cc1)C,C=C(c1ccn(C(C)C)c(=O)c1)C(F)(F)F,57.7,71.8
OB(c1c[n](-c2ccccc2)nc1)O,CC([n]1c(=O)cc(Br)cc1)C,CC(C)n1ccc(-c2cnn(-c3ccccc3)c2)cc1=O,66.4,52.1
CC1(C(C)(C)OB(c2cc(C#N)c(OC3CCOCC3)cc2)O1)C,CC([n]1c(=O)cc(Br)cc1)C,CC(C)n1ccc(-c2ccc(OC3CCOCC3)c(C#N)c2)cc1=O,95.5,52.2
OCc1c(B(O)O)cc(F)cc1,CC([n]1c(=O)cc(Br)cc1)C,CC(C)n1ccc(-c2cc(F)ccc2CO)cc1=O,69.2,42.7
CC1(C(C)(C)OB(c2cc3c(cccc3)nc2)O1)C,CC([n]1c(=O)cc(Br)cc1)C,CC(C)n1ccc(-c2cnc3ccccc3c2)cc1=O,97.1,59.6
CC1(C(C)(C)OB(C2Cc3c(cccc3)C=2)O1)C,CC([n]1c(=O)cc(Br)cc1)C,CC(C)n1ccc(C2=Cc3ccccc3C2)cc1=O,89.4,71.1
CC1(C(C)(C)OB(c2c3OCCOc3cs2)O1)C,CC([n]1c(=O)cc(Br)cc1)C,CC(C)n1ccc(-c2scc3c2OCCO3)cc1=O,72.1,66.1
CC(OC(N1C(B(O)O)CCC1)=O)(C)C,CC([n]1c(=O)cc(Br)cc1)C,CC(C)n1ccc(C2CCCN2C(=O)OC(C)(C)C)cc1=O,0,0
CC1(C)OB(C2=CC=CC(=O)N2)OC1(C)C,CC([n]1c(=O)cc(Br)cc1)C,CC(C)n1ccc(-c2cccc(=O)[nH]2)cc1=O,66,33.6
Cc1ccc2C=NNc2c1B1OC(C)(C)C(C)(C)O1,CC([n]1c(=O)cc(Br)cc1)C,Cc1ccc2cn[nH]c2c1-c1ccn(C(C)C)c(=O)c1,94.2,45
COc1c(B(O)O)c(C2CC2)ncn1,CC([n]1c(=O)cc(Br)cc1)C,COc1ncnc(C2CC2)c1-c1ccn(C(C)C)c(=O)c1,100,39.6
COc1ncc(B2OC(C)(C)C(C)(C)O2)cc1,CC([n]1c(=O)cc(Br)cc1)C,COc1ccc(-c2ccn(C(C)C)c(=O)c2)cn1,97.1,79.7
O=Cc1cc(B(O)O)ccc1,CC([n]1c(=O)cc(Br)cc1)C,CC(C)n1ccc(-c2cccc(C=O)c2)cc1=O,97.9,78.9
O=Cc1ccc(B2OCCCO2)cc1,CC([n]1c(=O)cc(Br)cc1)C,CC(C)n1ccc(-c2ccc(C=O)cc2)cc1=O,95,86.5
Cc1c(C(N2CCCC2)=O)ccc(B2OC(C)(C)C(C)(C)O2)c1,CC(c1sc(Br)cn1)=O,CC(=O)c1ncc(-c2ccc(C(=O)N3CCCC3)c(C)c2)s1,100,100
OB(c1ccc(-c2oc3c(cccc3)n2)cc1)O,CC(c1sc(Br)cn1)=O,CC(=O)c1ncc(-c2ccc(-c3nc4ccccc4o3)cc2)s1,100,100
OB(c1c2Oc3c(Sc2ccc1)cccc3)O,CC(c1sc(Br)cn1)=O,CC(=O)c1ncc(-c2cccc3c2Oc2ccccc2S3)s1,100,100
OB(c1c2sc3c(c2ccc1)cccc3)O,CC(c1sc(Br)cn1)=O,CC(=O)c1ncc(-c2cccc3c2sc2ccccc23)s1,100,100
C=C(C(F)(F)F)B1OC(C)(C)CC(C)O1,CC(c1sc(Br)cn1)=O,C=C(c1cnc(C(C)=O)s1)C(F)(F)F,0,0
OB(c1c[n](-c2ccccc2)nc1)O,CC(c1sc(Br)cn1)=O,CC(=O)c1ncc(-c2cnn(-c3ccccc3)c2)s1,100,100
CC1(C(C)(C)OB(c2cc(C#N)c(OC3CCOCC3)cc2)O1)C,CC(c1sc(Br)cn1)=O,CC(=O)c1ncc(-c2ccc(OC3CCOCC3)c(C#N)c2)s1,100,100
OCc1c(B(O)O)cc(F)cc1,CC(c1sc(Br)cn1)=O,CC(=O)c1ncc(-c2cc(F)ccc2CO)s1,100,100
CC(Oc1c(C(F)(F)F)cc(B(O)O)cc1)=O,CC(c1sc(Br)cn1)=O,CC(=O)Oc1ccc(-c2cnc(C(C)=O)s2)cc1C(F)(F)F,0,0
CC1(C(C)(C)OB(c2cc3c(cccc3)nc2)O1)C,CC(c1sc(Br)cn1)=O,CC(=O)c1ncc(-c2cnc3ccccc3c2)s1,100,100
CC1(C(C)(C)OB(C2Cc3c(cccc3)C=2)O1)C,CC(c1sc(Br)cn1)=O,CC(=O)c1ncc(C2=Cc3ccccc3C2)s1,100,100
CC1(C(C)(C)OB(c2c3OCCOc3cs2)O1)C,CC(c1sc(Br)cn1)=O,CC(=O)c1ncc(-c2scc3c2OCCO3)s1,100,100
CC(OC(N1C(B(O)O)CCC1)=O)(C)C,CC(c1sc(Br)cn1)=O,CC(=O)c1ncc(C2CCCN2C(=O)OC(C)(C)C)s1,0,0
CC1(C)OB(C2=CC=CC(=O)N2)OC1(C)C,CC(c1sc(Br)cn1)=O,CC(=O)c1ncc(-c2cccc(=O)[nH]2)s1,100,100
Cc1ccc2C=NNc2c1B1OC(C)(C)C(C)(C)O1,CC(c1sc(Br)cn1)=O,CC(=O)c1ncc(-c2c(C)ccc3cn[nH]c23)s1,43.4,64
COc1c(B(O)O)c(C2CC2)ncn1,CC(c1sc(Br)cn1)=O,COc1ncnc(C2CC2)c1-c1cnc(C(C)=O)s1,38.8,75.2
COc1ncc(B2OC(C)(C)C(C)(C)O2)cc1,CC(c1sc(Br)cn1)=O,COc1ccc(-c2cnc(C(C)=O)s2)cn1,100,100
O=Cc1cc(B(O)O)ccc1,CC(c1sc(Br)cn1)=O,CC(=O)c1ncc(-c2cccc(C=O)c2)s1,100,100
O=Cc1ccc(B2OCCCO2)cc1,CC(c1sc(Br)cn1)=O,CC(=O)c1ncc(-c2ccc(C=O)cc2)s1,100,100
